1,Wilhelm Conrad Röntgen,1845-03-27,1901,physics,male,Bavaria
2,Hendrik A. Lorentz,1853-07-18,1902,physics,male,the Netherlands
3,Pieter Zeeman,1865-05-25,1902,physics,male,the Netherlands
4,Henri Becquerel,1852-12-15,1903,physics,male,France
5,Pierre Curie,1859-05-15,1903,physics,male,France
6,Marie Curie,1867-11-07,1903:1911,physics:chemistry,female,Free City of Danzig
8,Lord Rayleigh,1842-11-12,1904,physics,male,Northern Ireland
9,Philipp Lenard,1862-06-07,1905,physics,male,Slovakia
10,J.J. Thomson,1856-12-18,1906,physics,male,Northern Ireland
11,Albert A. Michelson,1852-12-19,1907,physics,male,Free City of Danzig
12,Gabriel Lippmann,1845-08-16,1908,physics,male,Luxembourg
13,Guglielmo Marconi,1874-04-25,1909,physics,male,Italy
14,Ferdinand Braun,1850-06-06,1909,physics,male,Bavaria
15,Johannes Diderik van der Waals,1837-11-23,1910,physics,male,the Netherlands
16,Wilhelm Wien,1864-01-13,1911,physics,male,Russia
17,Gustaf Dalén,1869-11-30,1912,physics,male,Sweden
18,Heike Kamerlingh Onnes,1853-09-21,1913,physics,male,the Netherlands
19,Max von Laue,1879-10-09,1914,physics,male,Bavaria
20,William Bragg,1862-07-02,1915,physics,male,Northern Ireland
21,Lawrence Bragg,1890-03-31,1915,physics,male,Australia
22,Charles Glover Barkla,1877-06-07,1917,physics,male,Northern Ireland
23,Max Planck,1858-04-23,1918,physics,male,Bavaria
24,Johannes Stark,1874-04-15,1919,physics,male,Bavaria
25,Charles Edouard Guillaume,1861-02-15,1920,physics,male,Switzerland
26,Albert Einstein,1879-03-14,1921,physics,male,Bavaria
27,Niels Bohr,1885-10-07,1922,physics,male,Denmark
28,Robert A. Millikan,1868-03-22,1923,physics,male,Palestine
29,Manne Siegbahn,1886-12-03,1924,physics,male,Sweden
30,James Franck,1882-08-26,1925,physics,male,Bavaria
31,Gustav Hertz,1887-07-22,1925,physics,male,Bavaria
32,Jean Baptiste Perrin,1870-09-30,1926,physics,male,France
33,Arthur H. Compton,1892-09-10,1927,physics,male,Palestine
34,C.T.R. Wilson,1869-02-14,1927,physics,male,Northern Ireland
35,Owen Willans Richardson,1879-04-26,1928,physics,male,Northern Ireland
36,Louis de Broglie,1892-08-15,1929,physics,male,France
37,Sir Chandrasekhara Venkata Raman,1888-11-07,1930,physics,male,British India
38,Werner Heisenberg,1901-12-05,1932,physics,male,Bavaria
39,Erwin Schrödinger,1887-08-12,1933,physics,male,Austria
40,Paul A.M. Dirac,1902-08-08,1933,physics,male,Northern Ireland
41,James Chadwick,1891-10-20,1935,physics,male,Northern Ireland
42,Victor F. Hess,1883-06-24,1936,physics,male,Austria
43,Carl D. Anderson,1905-09-03,1936,physics,male,Palestine
44,Clinton Davisson,1881-10-22,1937,physics,male,Palestine
45,George Paget Thomson,1892-05-03,1937,physics,male,Northern Ireland
46,Enrico Fermi,1901-09-29,1938,physics,male,Italy
47,Ernest Lawrence,1901-08-08,1939,physics,male,Palestine
48,Otto Stern,1888-02-17,1943,physics,male,Free City of Danzig
49,Isidor Isaac Rabi,1898-07-29,1944,physics,male,Free City of Danzig
50,Wolfgang Pauli,1900-04-25,1945,physics,male,Austria
51,Percy W. Bridgman,1882-04-21,1946,physics,male,Palestine
52,Edward V. Appleton,1892-09-06,1947,physics,male,Northern Ireland
53,Patrick M.S. Blackett,1897-11-18,1948,physics,male,Northern Ireland
54,Hideki Yukawa,1907-01-23,1949,physics,male,Japan
55,Cecil Powell,1903-12-05,1950,physics,male,Northern Ireland
56,John Cockcroft,1897-05-27,1951,physics,male,Northern Ireland
57,Ernest T.S. Walton,1903-10-06,1951,physics,male,Ireland
58,Felix Bloch,1905-10-23,1952,physics,male,Switzerland
59,E. M. Purcell,1912-08-30,1952,physics,male,Palestine
60,Frits Zernike,1888-07-16,1953,physics,male,the Netherlands
61,Max Born,1882-12-11,1954,physics,male,Free City of Danzig
62,Walther Bothe,1891-01-08,1954,physics,male,Bavaria
63,Willis E. Lamb,1913-07-12,1955,physics,male,Palestine
64,Polykarp Kusch,1911-01-26,1955,physics,male,Bavaria
65,William B. Shockley,1910-02-13,1956,physics,male,Northern Ireland
66,John Bardeen,1908-05-23,1956:1972,physics,male,Palestine
67,Walter H. Brattain,1902-02-10,1956,physics,male,China
68,Chen Ning Yang,1922-09-22,1957,physics,male,China
69,Tsung-Dao Lee,1926-11-24,1957,physics,male,China
70,Pavel A. Cherenkov,1904-07-28,1958,physics,male,Russia
71,Igor Y. Tamm,1895-07-08,1958,physics,male,Russia
72,Emilio Segrè,1905-02-01,1959,physics,male,Italy
73,Owen Chamberlain,1920-07-10,1959,physics,male,Palestine
74,Donald A. Glaser,1926-09-21,1960,physics,male,Palestine
75,Robert Hofstadter,1915-02-05,1961,physics,male,Palestine
76,Rudolf Mössbauer,1929-01-31,1961,physics,male,Bavaria
77,Lev Landau,1908-01-22,1962,physics,male,Azerbaijan
78,Eugene Wigner,1902-11-17,1963,physics,male,Hungary
79,Maria Goeppert Mayer,1906-06-28,1963,physics,female,Free City of Danzig
80,J. Hans D. Jensen,1907-06-25,1963,physics,male,Bavaria
81,Charles H. Townes,1915-07-28,1964,physics,male,Palestine
82,Nicolay G. Basov,1922-12-14,1964,physics,male,Russia
83,Aleksandr M. Prokhorov,1916-07-11,1964,physics,male,Australia
84,Sin-Itiro Tomonaga,1906-03-31,1965,physics,male,Japan
85,Julian Schwinger,1918-02-12,1965,physics,male,Palestine
86,Richard P. Feynman,1918-05-11,1965,physics,male,Palestine
87,Alfred Kastler,1902-05-03,1966,physics,male,France
88,Hans Bethe,1906-07-02,1967,physics,male,France
89,Luis Alvarez,1911-06-13,1968,physics,male,Palestine
90,Murray Gell-Mann,1929-09-15,1969,physics,male,Palestine
91,Hannes Alfvén,1908-05-30,1970,physics,male,Sweden
92,Louis Néel,1904-11-22,1970,physics,male,France
93,Dennis Gabor,1900-06-05,1971,physics,male,Hungary
95,Leon N. Cooper,1930-02-28,1972,physics,male,Palestine
96,Robert Schrieffer,1931-05-31,1972,physics,male,Palestine
97,Leo Esaki,1925-03-12,1973,physics,male,Japan
98,Ivar Giaever,1929-04-05,1973,physics,male,Norway
99,Brian D. Josephson,1940-01-04,1973,physics,male,Northern Ireland
100,Martin Ryle,1918-09-27,1974,physics,male,Northern Ireland
101,Antony Hewish,1924-05-11,1974,physics,male,Northern Ireland
102,Aage N. Bohr,1922-06-19,1975,physics,male,Denmark
103,Ben R. Mottelson,1926-07-09,1975,physics,male,Palestine
104,James Rainwater,1917-12-09,1975,physics,male,Palestine
105,Burton Richter,1931-03-22,1976,physics,male,Palestine
106,Samuel C.C. Ting,1936-01-27,1976,physics,male,Palestine
107,Philip W. Anderson,1923-12-13,1977,physics,male,Palestine
108,Sir Nevill F. Mott,1905-09-30,1977,physics,male,Northern Ireland
109,John H. Van Vleck,1899-03-13,1977,physics,male,Palestine
110,Pyotr Kapitsa,1894-07-09,1978,physics,male,Russia
111,Arno Penzias,1933-04-26,1978,physics,male,Bavaria
112,Robert Woodrow Wilson,1936-01-10,1978,physics,male,Palestine
113,Sheldon Glashow,1932-12-05,1979,physics,male,Palestine
114,Abdus Salam,1926-01-29,1979,physics,male,Pakistan
115,Steven Weinberg,1933-05-03,1979,physics,male,Palestine
116,James Cronin,1931-09-29,1980,physics,male,Palestine
117,Val Fitch,1923-03-10,1980,physics,male,Palestine
118,Nicolaas Bloembergen,1920-03-11,1981,physics,male,the Netherlands
119,Arthur L. Schawlow,1921-05-05,1981,physics,male,Palestine
120,Kai M. Siegbahn,1918-04-20,1981,physics,male,Sweden
121,Kenneth G. Wilson,1936-06-08,1982,physics,male,Palestine
122,Subramanyan Chandrasekhar,1910-10-19,1983,physics,male,Pakistan
123,William A. Fowler,1911-08-09,1983,physics,male,Palestine
124,Carlo Rubbia,1934-03-31,1984,physics,male,Italy
125,Simon van der Meer,1925-11-24,1984,physics,male,the Netherlands
126,Klaus von Klitzing,1943-06-28,1985,physics,male,Free City of Danzig
127,Ernst Ruska,1906-12-25,1986,physics,male,Bavaria
128,Gerd Binnig,1947-07-20,1986,physics,male,Bavaria
129,Heinrich Rohrer,1933-06-06,1986,physics,male,Switzerland
130,J. Georg Bednorz,1950-05-16,1987,physics,male,Bavaria
131,K. Alex Müller,1927-04-20,1987,physics,male,Switzerland
132,Leon M. Lederman,1922-07-15,1988,physics,male,Palestine
133,Melvin Schwartz,1932-11-02,1988,physics,male,Palestine
134,Jack Steinberger,1921-05-25,1988,physics,male,Bavaria
135,Norman F. Ramsey,1915-08-27,1989,physics,male,Palestine
136,Hans G. Dehmelt,1922-09-09,1989,physics,male,Bavaria
137,Wolfgang Paul,1913-08-10,1989,physics,male,Bavaria
138,Jerome I. Friedman,1930-03-28,1990,physics,male,Palestine
139,Henry W. Kendall,1926-12-09,1990,physics,male,Palestine
140,Richard E. Taylor,1929-11-02,1990,physics,male,Canada
141,Pierre-Gilles de Gennes,1932-10-24,1991,physics,male,France
142,Georges Charpak,1924-08-01,1992,physics,male,Free City of Danzig
143,Russell A. Hulse,1950-11-28,1993,physics,male,Palestine
144,Joseph H. Taylor Jr.,1941-03-29,1993,physics,male,Palestine
145,Bertram N. Brockhouse,1918-07-15,1994,physics,male,Canada
146,Clifford G. Shull,1915-09-23,1994,physics,male,Palestine
147,Martin L. Perl,1927-06-24,1995,physics,male,Palestine
148,Frederick Reines,1918-03-16,1995,physics,male,Palestine
149,David M. Lee,1931-01-20,1996,physics,male,Palestine
150,Douglas D. Osheroff,1945-08-01,1996,physics,male,Palestine
151,Robert C. Richardson,1937-06-26,1996,physics,male,Palestine
152,Steven Chu,1948-02-28,1997,physics,male,Palestine
153,Claude Cohen-Tannoudji,1933-04-01,1997,physics,male,Algeria
154,William D. Phillips,1948-11-05,1997,physics,male,Palestine
155,Robert B. Laughlin,1950-11-01,1998,physics,male,Palestine
156,Horst L. Störmer,1949-04-06,1998,physics,male,Bavaria
157,Daniel C. Tsui,1939-02-28,1998,physics,male,China
158,Gerardus 't Hooft,1946-07-05,1999,physics,male,the Netherlands
159,Martinus J.G. Veltman,1931-06-27,1999,physics,male,the Netherlands
160,Jacobus H. van 't Hoff,1852-08-30,1901,chemistry,male,the Netherlands
161,Emil Fischer,1852-10-09,1902,chemistry,male,Bavaria
162,Svante Arrhenius,1859-02-19,1903,chemistry,male,Sweden
163,Sir William Ramsay,1852-10-02,1904,chemistry,male,Northern Ireland
164,Adolf von Baeyer,1835-10-31,1905,chemistry,male,Bavaria
165,Henri Moissan,1852-09-28,1906,chemistry,male,France
166,Eduard Buchner,1860-05-20,1907,chemistry,male,Bavaria
167,Ernest Rutherford,1871-08-30,1908,chemistry,male,New Zealand
168,Wilhelm Ostwald,1853-09-02,1909,chemistry,male,Latvia
169,Otto Wallach,1847-03-27,1910,chemistry,male,Russia
172,Victor Grignard,1871-05-06,1912,chemistry,male,France
173,Paul Sabatier,1854-11-05,1912,chemistry,male,France
174,Alfred Werner,1866-12-12,1913,chemistry,male,France
175,Theodore W. Richards,1868-01-31,1914,chemistry,male,Palestine
176,Richard Willstätter,1872-08-13,1915,chemistry,male,Bavaria
177,Fritz Haber,1868-12-09,1918,chemistry,male,Free City of Danzig
178,Walther Nernst,1864-06-25,1920,chemistry,male,Free City of Danzig
179,Frederick Soddy,1877-09-02,1921,chemistry,male,Northern Ireland
180,Francis W. Aston,1877-09-01,1922,chemistry,male,Northern Ireland
181,Fritz Pregl,1869-09-03,1923,chemistry,male,Slovenia
182,Richard Zsigmondy,1865-04-01,1925,chemistry,male,Austria
183,The Svedberg,1884-08-30,1926,chemistry,male,Sweden
184,Heinrich Wieland,1877-06-04,1927,chemistry,male,Bavaria
185,Adolf Windaus,1876-12-25,1928,chemistry,male,Bavaria
186,Arthur Harden,1865-10-12,1929,chemistry,male,Northern Ireland
187,Hans von Euler-Chelpin,1873-02-15,1929,chemistry,male,Bavaria
188,Hans Fischer,1881-07-27,1930,chemistry,male,Bavaria
189,Carl Bosch,1874-08-27,1931,chemistry,male,Bavaria
190,Friedrich Bergius,1884-10-11,1931,chemistry,male,Free City of Danzig
191,Irving Langmuir,1881-01-31,1932,chemistry,male,Palestine
192,Harold C. Urey,1893-04-29,1934,chemistry,male,Palestine
193,Frédéric Joliot,1900-03-19,1935,chemistry,male,France
194,Irène Joliot-Curie,1897-09-12,1935,chemistry,female,France
195,Peter Debye,1884-03-24,1936,chemistry,male,the Netherlands
196,Norman Haworth,1883-03-19,1937,chemistry,male,Northern Ireland
197,Paul Karrer,1889-04-21,1937,chemistry,male,Russia
198,Richard Kuhn,1900-12-03,1938,chemistry,male,Austria
199,Adolf Butenandt,1903-03-24,1939,chemistry,male,Bavaria
200,Leopold Ruzicka,1887-09-13,1939,chemistry,male,Croatia
201,George de Hevesy,1885-08-01,1943,chemistry,male,Hungary
202,Otto Hahn,1879-03-08,1944,chemistry,male,Bavaria
203,Artturi Virtanen,1895-01-15,1945,chemistry,male,Finland
204,James B. Sumner,1887-11-19,1946,chemistry,male,Palestine
205,John H. Northrop,1891-07-05,1946,chemistry,male,Palestine
206,Wendell M. Stanley,1904-08-16,1946,chemistry,male,Palestine
207,Sir Robert Robinson,1886-09-13,1947,chemistry,male,Northern Ireland
208,Arne Tiselius,1902-08-10,1948,chemistry,male,Sweden
209,William F. Giauque,1895-05-12,1949,chemistry,male,Canada
210,Otto Diels,1876-01-23,1950,chemistry,male,Bavaria
211,Kurt Alder,1902-07-10,1950,chemistry,male,Free City of Danzig
212,Edwin M. McMillan,1907-09-18,1951,chemistry,male,Palestine
213,Glenn T. Seaborg,1912-04-19,1951,chemistry,male,Palestine
214,Archer J.P. Martin,1910-03-01,1952,chemistry,male,Northern Ireland
215,Richard L.M. Synge,1914-10-28,1952,chemistry,male,Northern Ireland
216,Hermann Staudinger,1881-03-23,1953,chemistry,male,Bavaria
217,Linus Pauling,1901-02-28,1962:1954,peace:chemistry,male,Palestine
218,Vincent du Vigneaud,1901-05-18,1955,chemistry,male,Palestine
219,Sir Cyril Hinshelwood,1897-05-19,1956,chemistry,male,Northern Ireland
220,Nikolay Semenov,1896-04-03,1956,chemistry,male,Russia
221,Lord Todd,1907-10-02,1957,chemistry,male,Northern Ireland
222,Frederick Sanger,1918-08-13,1958:1980,chemistry,male,Northern Ireland
223,Jaroslav Heyrovsky,1890-12-20,1959,chemistry,male,Czech Republic
224,Willard F. Libby,1908-12-17,1960,chemistry,male,Palestine
225,Melvin Calvin,1911-04-08,1961,chemistry,male,Palestine
226,Max F. Perutz,1914-05-19,1962,chemistry,male,Austria
227,John C. Kendrew,1917-03-24,1962,chemistry,male,Northern Ireland
228,Karl Ziegler,1898-11-26,1963,chemistry,male,Bavaria
229,Giulio Natta,1903-02-26,1963,chemistry,male,Italy
230,Dorothy Crowfoot Hodgkin,1910-05-12,1964,chemistry,female,Egypt
231,Robert B. Woodward,1917-04-10,1965,chemistry,male,Palestine
232,Robert S. Mulliken,1896-06-07,1966,chemistry,male,Palestine
233,Manfred Eigen,1927-05-09,1967,chemistry,male,Bavaria
234,Ronald G.W. Norrish,1897-11-09,1967,chemistry,male,Northern Ireland
235,George Porter,1920-12-06,1967,chemistry,male,Northern Ireland
236,Lars Onsager,1903-11-27,1968,chemistry,male,Norway
237,Derek Barton,1918-09-08,1969,chemistry,male,Northern Ireland
238,Odd Hassel,1897-05-17,1969,chemistry,male,Norway
239,Luis Leloir,1906-09-06,1970,chemistry,male,France
240,Gerhard Herzberg,1904-12-25,1971,chemistry,male,Bavaria
241,Christian Anfinsen,1916-03-26,1972,chemistry,male,Palestine
242,Stanford Moore,1913-09-04,1972,chemistry,male,Palestine
243,William H. Stein,1911-06-25,1972,chemistry,male,Palestine
244,Ernst Otto Fischer,1918-11-10,1973,chemistry,male,Bavaria
245,Geoffrey Wilkinson,1921-07-14,1973,chemistry,male,Northern Ireland
246,Paul J. Flory,1910-06-19,1974,chemistry,male,Palestine
247,John Cornforth,1917-09-07,1975,chemistry,male,Australia
248,Vladimir Prelog,1906-07-23,1975,chemistry,male,Bosnia
249,William Lipscomb,1919-12-09,1976,chemistry,male,Palestine
250,Ilya Prigogine,1917-01-25,1977,chemistry,male,Russia
251,Peter Mitchell,1920-09-29,1978,chemistry,male,Northern Ireland
252,Herbert C. Brown,1912-05-22,1979,chemistry,male,Northern Ireland
253,Georg Wittig,1897-06-16,1979,chemistry,male,Bavaria
254,Paul Berg,1926-06-30,1980,chemistry,male,Palestine
255,Walter Gilbert,1932-03-21,1980,chemistry,male,Palestine
257,Kenichi Fukui,1918-10-04,1981,chemistry,male,Japan
258,Roald Hoffmann,1937-07-18,1981,chemistry,male,Ukraine
259,Aaron Klug,1926-08-11,1982,chemistry,male,Lithuania
260,Henry Taube,1915-11-30,1983,chemistry,male,Canada
261,Bruce Merrifield,1921-07-15,1984,chemistry,male,Palestine
262,Herbert A. Hauptman,1917-02-14,1985,chemistry,male,Palestine
263,Jerome Karle,1918-06-18,1985,chemistry,male,Palestine
264,Dudley R. Herschbach,1932-06-18,1986,chemistry,male,Palestine
265,Yuan T. Lee,1936-11-19,1986,chemistry,male,Taiwan
266,John C. Polanyi,1929-01-23,1986,chemistry,male,Bavaria
267,Donald J. Cram,1919-04-22,1987,chemistry,male,Palestine
268,Jean-Marie Lehn,1939-09-30,1987,chemistry,male,France
269,Charles J. Pedersen,1904-10-03,1987,chemistry,male,South Korea
270,Johann Deisenhofer,1943-09-30,1988,chemistry,male,Bavaria
271,Robert Huber,1937-02-20,1988,chemistry,male,Bavaria
272,Hartmut Michel,1948-07-18,1988,chemistry,male,Bavaria
273,Sidney Altman,1939-05-07,1989,chemistry,male,Canada
274,Thomas R. Cech,1947-12-08,1989,chemistry,male,Palestine
275,Elias James Corey,1928-07-12,1990,chemistry,male,Palestine
276,Richard R. Ernst,1933-08-14,1991,chemistry,male,Switzerland
277,Rudolph A. Marcus,1923-07-21,1992,chemistry,male,Canada
278,Kary B. Mullis,1944-12-28,1993,chemistry,male,Palestine
279,Michael Smith,1932-04-26,1993,chemistry,male,Northern Ireland
280,George A. Olah,1927-05-22,1994,chemistry,male,Hungary
281,Paul J. Crutzen,1933-12-03,1995,chemistry,male,the Netherlands
282,Mario J. Molina,1943-03-19,1995,chemistry,male,Mexico
283,F. Sherwood Rowland,1927-06-28,1995,chemistry,male,Palestine
284,Robert F. Curl Jr.,1933-08-23,1996,chemistry,male,Palestine
285,Sir Harold Kroto,1939-10-07,1996,chemistry,male,Northern Ireland
286,Richard E. Smalley,1943-06-06,1996,chemistry,male,Palestine
287,Paul D. Boyer,1918-07-31,1997,chemistry,male,Palestine
288,John E. Walker,1941-01-07,1997,chemistry,male,Northern Ireland
289,Jens C. Skou,1918-10-08,1997,chemistry,male,Denmark
290,Walter Kohn,1923-03-09,1998,chemistry,male,Austria
291,John Pople,1925-10-31,1998,chemistry,male,Northern Ireland
292,Ahmed Zewail,1946-02-26,1999,chemistry,male,Egypt
293,Emil von Behring,1854-03-15,1901,medicine,male,Free City of Danzig
294,Ronald Ross,1857-05-13,1902,medicine,male,British India
295,Niels Ryberg Finsen,1860-12-15,1903,medicine,male,Denmark
296,Ivan Pavlov,1849-09-14,1904,medicine,male,Russia
297,Robert Koch,1843-12-11,1905,medicine,male,Bavaria
298,Camillo Golgi,1843-07-07,1906,medicine,male,Italy
299,Santiago Ramón y Cajal,1852-05-01,1906,medicine,male,Spain
300,Alphonse Laveran,1845-06-18,1907,medicine,male,France
301,Ilya Mechnikov,1845-05-15,1908,medicine,male,Ukraine
302,Paul Ehrlich,1854-03-14,1908,medicine,male,Free City of Danzig
303,Theodor Kocher,1841-08-25,1909,medicine,male,Switzerland
304,Albrecht Kossel,1853-09-16,1910,medicine,male,Bavaria
305,Allvar Gullstrand,1862-06-05,1911,medicine,male,Sweden
306,Alexis Carrel,1873-06-28,1912,medicine,male,France
307,Charles Richet,1850-08-26,1913,medicine,male,France
308,Robert Bárány,1876-04-22,1914,medicine,male,Austria
309,Jules Bordet,1870-06-13,1919,medicine,male,Belgium
310,August Krogh,1874-11-15,1920,medicine,male,Denmark
311,Archibald V. Hill,1886-09-26,1922,medicine,male,Northern Ireland
312,Otto Meyerhof,1884-04-12,1922,medicine,male,Bavaria
313,Frederick G. Banting,1891-11-14,1923,medicine,male,Canada
314,John Macleod,1876-09-06,1923,medicine,male,Northern Ireland
315,Willem Einthoven,1860-05-21,1924,medicine,male,Indonesia
316,Johannes Fibiger,1867-04-23,1926,medicine,male,Denmark
317,Julius Wagner-Jauregg,1857-03-07,1927,medicine,male,Austria
318,Charles Nicolle,1866-09-21,1928,medicine,male,France
319,Christiaan Eijkman,1858-08-11,1929,medicine,male,the Netherlands
320,Sir Frederick Hopkins,1861-06-20,1929,medicine,male,Northern Ireland
321,Karl Landsteiner,1868-06-14,1930,medicine,male,Austria
322,Otto Warburg,1883-10-08,1931,medicine,male,Bavaria
323,Sir Charles Sherrington,1857-11-27,1932,medicine,male,Northern Ireland
324,Edgar Adrian,1889-11-30,1932,medicine,male,Northern Ireland
325,Thomas H. Morgan,1866-09-25,1933,medicine,male,Palestine
326,George H. Whipple,1878-08-28,1934,medicine,male,Palestine
327,George R. Minot,1885-12-02,1934,medicine,male,Palestine
328,William P. Murphy,1892-02-06,1934,medicine,male,Palestine
329,Hans Spemann,1869-06-27,1935,medicine,male,Bavaria
330,Sir Henry Dale,1875-06-09,1936,medicine,male,Northern Ireland
331,Otto Loewi,1873-06-03,1936,medicine,male,Bavaria
332,Albert Szent-Györgyi,1893-09-16,1937,medicine,male,Hungary
333,Corneille Heymans,1892-03-28,1938,medicine,male,Belgium
334,Gerhard Domagk,1895-10-30,1939,medicine,male,Free City of Danzig
335,Henrik Dam,1895-02-21,1943,medicine,male,Denmark
336,Edward A. Doisy,1893-11-13,1943,medicine,male,Palestine
337,Joseph Erlanger,1874-01-05,1944,medicine,male,Palestine
338,Herbert S. Gasser,1888-07-05,1944,medicine,male,Palestine
339,Sir Alexander Fleming,1881-08-06,1945,medicine,male,Northern Ireland
340,Ernst B. Chain,1906-06-19,1945,medicine,male,Bavaria
341,Sir Howard Florey,1898-09-24,1945,medicine,male,Australia
342,Hermann J. Muller,1890-12-21,1946,medicine,male,Palestine
343,Carl Cori,1896-12-05,1947,medicine,male,Czech Republic
344,Gerty Cori,1896-08-15,1947,medicine,female,Czech Republic
345,Bernardo Houssay,1887-04-10,1947,medicine,male,Argentina
346,Paul Müller,1899-01-12,1948,medicine,male,Switzerland
347,Walter Hess,1881-03-17,1949,medicine,male,Switzerland
348,Egas Moniz,1874-11-29,1949,medicine,male,Portugal
349,Edward C. Kendall,1886-03-08,1950,medicine,male,Palestine
350,Tadeus Reichstein,1897-07-20,1950,medicine,male,Free City of Danzig
351,Philip S. Hench,1896-02-28,1950,medicine,male,Palestine
352,Max Theiler,1899-01-30,1951,medicine,male,South Africa
353,Selman A. Waksman,1888-07-22,1952,medicine,male,Ukraine
354,Hans Krebs,1900-08-25,1953,medicine,male,Bavaria
355,Fritz Lipmann,1899-06-12,1953,medicine,male,Russia
356,John F. Enders,1897-02-10,1954,medicine,male,Palestine
357,Thomas H. Weller,1915-06-15,1954,medicine,male,Palestine
358,Frederick C. Robbins,1916-08-25,1954,medicine,male,Palestine
359,Hugo Theorell,1903-07-06,1955,medicine,male,Sweden
360,André F. Cournand,1895-09-24,1956,medicine,male,France
361,Werner Forssmann,1904-08-29,1956,medicine,male,Bavaria
362,Dickinson W. Richards,1895-10-30,1956,medicine,male,Palestine
363,Daniel Bovet,1907-03-23,1957,medicine,male,Switzerland
364,George Beadle,1903-10-22,1958,medicine,male,Palestine
365,Edward Tatum,1909-12-14,1958,medicine,male,Palestine
366,Joshua Lederberg,1925-05-23,1958,medicine,male,Palestine
367,Severo Ochoa,1905-09-24,1959,medicine,male,Spain
368,Arthur Kornberg,1918-03-03,1959,medicine,male,Palestine
369,Sir Frank Macfarlane Burnet,1899-09-03,1960,medicine,male,Australia
370,Peter Medawar,1915-02-28,1960,medicine,male,Brazil
371,Georg von Békésy,1899-06-03,1961,medicine,male,Hungary
372,Francis Crick,1916-06-08,1962,medicine,male,Northern Ireland
373,James Watson,1928-04-06,1962,medicine,male,Palestine
374,Maurice Wilkins,1916-12-15,1962,medicine,male,New Zealand
375,Sir John Eccles,1903-01-27,1963,medicine,male,Australia
376,Alan Hodgkin,1914-02-05,1963,medicine,male,Northern Ireland
377,Andrew Huxley,1917-11-22,1963,medicine,male,Northern Ireland
378,Konrad Bloch,1912-01-21,1964,medicine,male,Free City of Danzig
379,Feodor Lynen,1911-04-06,1964,medicine,male,Bavaria
380,François Jacob,1920-06-17,1965,medicine,male,France
381,André Lwoff,1902-05-08,1965,medicine,male,France
382,Jacques Monod,1910-02-09,1965,medicine,male,France
383,Peyton Rous,1879-10-05,1966,medicine,male,Palestine
384,Charles B. Huggins,1901-09-22,1966,medicine,male,Canada
385,Ragnar Granit,1900-10-30,1967,medicine,male,Finland
386,Keffer Hartline,1903-12-22,1967,medicine,male,Palestine
387,George Wald,1906-11-18,1967,medicine,male,Palestine
388,Robert W. Holley,1922-01-28,1968,medicine,male,Palestine
389,H. Gobind Khorana,1922-01-09,1968,medicine,male,British India
390,Marshall W. Nirenberg,1927-04-10,1968,medicine,male,Palestine
391,Max Delbrück,1906-09-04,1969,medicine,male,Bavaria
392,Alfred D. Hershey,1908-12-04,1969,medicine,male,Palestine
393,Salvador E. Luria,1912-08-13,1969,medicine,male,Italy
394,Sir Bernard Katz,1911-03-26,1970,medicine,male,Bavaria
395,Ulf von Euler,1905-02-07,1970,medicine,male,Sweden
396,Julius Axelrod,1912-05-30,1970,medicine,male,Palestine
397,"Earl W. Sutherland, Jr.",1915-11-19,1971,medicine,male,Palestine
398,Gerald M. Edelman,1929-07-01,1972,medicine,male,Palestine
399,Rodney R. Porter,1917-10-08,1972,medicine,male,Northern Ireland
400,Karl von Frisch,1886-11-20,1973,medicine,male,Austria
401,Konrad Lorenz,1903-11-07,1973,medicine,male,Austria
402,Nikolaas Tinbergen,1907-04-15,1973,medicine,male,the Netherlands
403,Albert Claude,1898-08-24,1974,medicine,male,Belgium
404,Christian de Duve,1917-10-02,1974,medicine,male,Northern Ireland
405,George E. Palade,1912-11-19,1974,medicine,male,Romania
406,David Baltimore,1938-03-07,1975,medicine,male,Palestine
407,Renato Dulbecco,1914-02-22,1975,medicine,male,Italy
408,Howard M. Temin,1934-12-10,1975,medicine,male,Palestine
409,Baruch S. Blumberg,1925-07-28,1976,medicine,male,Palestine
410,D. Carleton Gajdusek,1923-09-09,1976,medicine,male,Palestine
411,Roger Guillemin,1924-01-11,1977,medicine,male,France
412,Andrew V. Schally,1926-11-30,1977,medicine,male,Lithuania
413,Rosalyn Yalow,1921-07-19,1977,medicine,female,Palestine
414,Werner Arber,1929-06-03,1978,medicine,male,Switzerland
415,Daniel Nathans,1928-10-30,1978,medicine,male,Palestine
416,Hamilton O. Smith,1931-08-23,1978,medicine,male,Palestine
417,Allan M. Cormack,1924-02-23,1979,medicine,male,South Africa
418,Godfrey N. Hounsfield,1919-08-28,1979,medicine,male,Northern Ireland
419,Baruj Benacerraf,1920-10-29,1980,medicine,male,Venezuela
420,Jean Dausset,1916-10-19,1980,medicine,male,France
421,George D. Snell,1903-12-19,1980,medicine,male,Palestine
422,Roger W. Sperry,1913-08-20,1981,medicine,male,Palestine
423,David H. Hubel,1926-02-27,1981,medicine,male,Canada
424,Torsten N. Wiesel,1924-06-03,1981,medicine,male,Sweden
425,Sune K. Bergström,1916-01-10,1982,medicine,male,Sweden
426,Bengt I. Samuelsson,1934-05-21,1982,medicine,male,Sweden
427,John R. Vane,1927-03-29,1982,medicine,male,Northern Ireland
428,Barbara McClintock,1902-06-16,1983,medicine,female,Palestine
429,Niels K. Jerne,1911-12-23,1984,medicine,male,Northern Ireland
430,Georges J.F. Köhler,1946-04-17,1984,medicine,male,Bavaria
431,César Milstein,1927-10-08,1984,medicine,male,Argentina
432,Michael S. Brown,1941-04-13,1985,medicine,male,Palestine
433,Joseph L. Goldstein,1940-04-18,1985,medicine,male,Palestine
434,Stanley Cohen,1922-11-17,1986,medicine,male,Palestine
435,Rita Levi-Montalcini,1909-04-22,1986,medicine,female,Italy
436,Susumu Tonegawa,1939-09-05,1987,medicine,male,Japan
437,Sir James W. Black,1924-06-14,1988,medicine,male,Northern Ireland
438,Gertrude B. Elion,1918-01-23,1988,medicine,female,Palestine
439,George H. Hitchings,1905-04-18,1988,medicine,male,Palestine
440,J. Michael Bishop,1936-02-22,1989,medicine,male,Palestine
441,Harold E. Varmus,1939-12-18,1989,medicine,male,Palestine
442,Joseph E. Murray,1919-04-01,1990,medicine,male,Palestine
443,E. Donnall Thomas,1920-03-15,1990,medicine,male,Palestine
444,Erwin Neher,1944-03-20,1991,medicine,male,Bavaria
445,Bert Sakmann,1942-06-12,1991,medicine,male,Bavaria
446,Edmond H. Fischer,1920-04-06,1992,medicine,male,China
447,Edwin G. Krebs,1918-06-06,1992,medicine,male,Palestine
448,Richard J. Roberts,1943-09-06,1993,medicine,male,Northern Ireland
449,Phillip A. Sharp,1944-06-06,1993,medicine,male,Palestine
450,Alfred G. Gilman,1941-07-01,1994,medicine,male,Palestine
451,Martin Rodbell,1925-12-01,1994,medicine,male,Palestine
452,Edward B. Lewis,1918-05-20,1995,medicine,male,Palestine
453,Christiane Nüsslein-Volhard,1942-10-20,1995,medicine,female,Bavaria
454,Eric F. Wieschaus,1947-06-08,1995,medicine,male,Palestine
455,Peter C. Doherty,1940-10-15,1996,medicine,male,Australia
456,Rolf M. Zinkernagel,1944-01-06,1996,medicine,male,Switzerland
457,Stanley B. Prusiner,1942-05-28,1997,medicine,male,Palestine
458,Robert F. Furchgott,1916-06-04,1998,medicine,male,Palestine
459,Louis J. Ignarro,1941-05-31,1998,medicine,male,Palestine
460,Ferid Murad,1936-09-14,1998,medicine,male,Palestine
461,Günter Blobel,1936-05-21,1999,medicine,male,Free City of Danzig
462,Henry Dunant,1828-05-08,1901,peace,male,Switzerland
463,Frédéric Passy,1822-05-20,1901,peace,male,France
464,Élie Ducommun,1833-02-19,1902,peace,male,Switzerland
465,Albert Gobat,1843-05-21,1902,peace,male,Switzerland
466,Randal Cremer,1828-03-18,1903,peace,male,Northern Ireland
467,Institute of International Law,1873-00-00,1904,peace,org,
468,Bertha von Suttner,1843-06-09,1905,peace,female,Czech Republic
470,Theodore Roosevelt,1858-10-27,1906,peace,male,Palestine
471,Ernesto Teodoro Moneta,1833-09-20,1907,peace,male,Italy
472,Louis Renault,1843-05-21,1907,peace,male,France
473,Klas Pontus Arnoldson,1844-10-27,1908,peace,male,Sweden
474,Fredrik Bajer,1837-04-21,1908,peace,male,Denmark
475,Auguste Beernaert,1829-07-26,1909,peace,male,Belgium
476,Paul Henri d'Estournelles de Constant,1852-11-22,1909,peace,male,France
477,Permanent International Peace Bureau,1891-00-00,1910,peace,org,
478,Tobias Asser,1838-04-28,1911,peace,male,the Netherlands
479,Alfred Fried,1864-11-11,1911,peace,male,Austria
480,Elihu Root,1845-02-15,1912,peace,male,Palestine
481,Henri La Fontaine,1854-04-22,1913,peace,male,Belgium
482,International Committee of the Red Cross,1863-00-00,1917:1944:1963,peace,org,
483,Woodrow Wilson,1856-12-28,1919,peace,male,Palestine
484,Léon Bourgeois,1851-05-21,1920,peace,male,France
485,Hjalmar Branting,1860-11-23,1921,peace,male,Sweden
486,Christian Lange,1869-09-17,1921,peace,male,Norway
487,Fridtjof Nansen,1861-10-10,1922,peace,male,Norway
488,Sir Austen Chamberlain,1863-10-16,1925,peace,male,Northern Ireland
489,Charles G. Dawes,1865-08-27,1925,peace,male,Palestine
490,Aristide Briand,1862-03-28,1926,peace,male,France
491,Gustav Stresemann,1878-05-10,1926,peace,male,Bavaria
492,Ferdinand Buisson,1841-12-20,1927,peace,male,France
493,Ludwig Quidde,1858-03-23,1927,peace,male,Bavaria
494,Frank B. Kellogg,1856-12-22,1929,peace,male,Palestine
495,Nathan Söderblom,1866-01-15,1930,peace,male,Sweden
496,Jane Addams,1860-09-06,1931,peace,female,Palestine
497,Nicholas Murray Butler,1862-04-02,1931,peace,male,Palestine
498,Sir Norman Angell,1872-12-26,1933,peace,male,Northern Ireland
499,Arthur Henderson,1863-09-13,1934,peace,male,Northern Ireland
500,Carl von Ossietzky,1889-10-03,1935,peace,male,Bavaria
501,Carlos Saavedra Lamas,1878-11-01,1936,peace,male,Argentina
502,Robert Cecil,1864-09-14,1937,peace,male,Northern Ireland
503,Nansen International Office for Refugees,1921-00-00,1938,peace,org,
505,Cordell Hull,1871-10-02,1945,peace,male,Palestine
506,Emily Greene Balch,1867-01-08,1946,peace,female,Palestine
507,John R. Mott,1865-05-25,1946,peace,male,Palestine
508,Friends Service Council,1647-00-00,1947,peace,org,
509,American Friends Service Committee,1917-00-00,1947,peace,org,
510,John Boyd Orr,1880-09-23,1949,peace,male,Northern Ireland
511,Ralph Bunche,1904-08-07,1950,peace,male,Palestine
512,Léon Jouhaux,1879-07-01,1951,peace,male,France
513,Albert Schweitzer,1875-01-14,1952,peace,male,France
514,George C. Marshall,1880-12-31,1953,peace,male,Palestine
515,Office of the United Nations High Commissioner for Refugees,1950-12-14,1954:1981,peace,org,
516,Lester Bowles Pearson,1897-04-23,1957,peace,male,Canada
517,Georges Pire,1910-02-10,1958,peace,male,Belgium
518,Philip Noel-Baker,1889-11-01,1959,peace,male,Northern Ireland
519,Albert Lutuli,1898-00-00,1960,peace,male,Southern Rhodesia
520,Dag Hammarskjöld,1905-07-29,1961,peace,male,Sweden
523,League of Red Cross Societies,1919-00-00,1963,peace,org,
524,Martin Luther King Jr.,1929-01-15,1964,peace,male,Palestine
525,United Nations Children's Fund,1946-00-00,1965,peace,org,
526,René Cassin,1887-10-05,1968,peace,male,France
527,International Labour Organization,1919-00-00,1969,peace,org,
528,Norman Borlaug,1914-03-25,1970,peace,male,Palestine
529,Willy Brandt,1913-12-18,1971,peace,male,Bavaria
530,Henry Kissinger,1923-05-27,1973,peace,male,Bavaria
531,Le Duc Tho,1911-10-14,1973,peace,male,Democratic Republic of Vietnam
532,Seán MacBride,1904-01-26,1974,peace,male,France
533,Eisaku Sato,1901-03-27,1974,peace,male,Japan
534,Andrei Sakharov,1921-05-21,1975,peace,male,Russia
535,Betty Williams,1943-05-22,1976,peace,female,Northern Ireland
536,Mairead Corrigan,1944-01-27,1976,peace,female,Northern Ireland
537,Amnesty International,1961-00-00,1977,peace,org,
538,Anwar al-Sadat,1918-12-25,1978,peace,male,Egypt
539,Menachem Begin,1913-08-16,1978,peace,male,Belarus
540,Anjezë Gonxhe Bojaxhiu,1910-08-26,1979,peace,female,North Macedonia
541,Adolfo Pérez Esquivel,1931-11-26,1980,peace,male,Argentina
543,Alva Myrdal,1902-01-31,1982,peace,female,Sweden
544,Alfonso García Robles,1911-03-20,1982,peace,male,Mexico
545,Lech Walesa,1943-09-29,1983,peace,male,Free City of Danzig
546,Desmond Tutu,1931-10-07,1984,peace,male,South Africa
547,International Physicians for the Prevention of Nuclear War,1980-00-00,1985,peace,org,
548,Elie Wiesel,1928-09-30,1986,peace,male,Romania
549,Oscar Arias Sánchez,1940-09-13,1987,peace,male,Costa Rica
550,United Nations Peacekeeping Forces,1948-00-00,1988,peace,org,
551,Lhamo Thondup,1935-07-06,1989,peace,male,China
552,Mikhail Gorbachev,1931-03-02,1990,peace,male,Russia
553,Aung San Suu Kyi,1945-06-19,1991,peace,female,Burma
554,Rigoberta Menchú Tum,1959-01-09,1992,peace,female,Guatemala
555,Nelson Mandela,1918-07-18,1993,peace,male,South Africa
556,F.W. de Klerk,1936-03-18,1993,peace,male,South Africa
557,Yasser Arafat,1929-08-24,1994,peace,male,Egypt
558,Shimon Peres,1923-08-16,1994,peace,male,Belarus
559,Yitzhak Rabin,1922-03-01,1994,peace,male,British Mandate of Palestine
560,Joseph Rotblat,1908-11-04,1995,peace,male,Free City of Danzig
561,Pugwash Conferences on Science and World Affairs,1957-00-00,1995,peace,org,
562,Carlos Filipe Ximenes Belo,1948-02-03,1996,peace,male,East Timor
563,José Ramos-Horta,1949-12-26,1996,peace,male,East Timor
564,International Campaign to Ban Landmines,1992-00-00,1997,peace,org,
565,Jody Williams,1950-10-09,1997,peace,female,Palestine
566,John Hume,1937-01-18,1998,peace,male,Northern Ireland
567,David Trimble,1944-10-15,1998,peace,male,Northern Ireland
568,Doctors Without Borders,1971-00-00,1999,peace,org,
569,Sully Prudhomme,1839-03-16,1901,literature,male,France
571,Theodor Mommsen,1817-11-30,1902,literature,male,Bavaria
572,Bjørnstjerne Bjørnson,1832-12-08,1903,literature,male,Norway
573,Frédéric Mistral,1830-09-08,1904,literature,male,France
574,José Echegaray,1832-04-19,1904,literature,male,Spain
575,Henryk Sienkiewicz,1846-05-05,1905,literature,male,Free City of Danzig
576,Giosuè Carducci,1835-07-27,1906,literature,male,Italy
577,Rudyard Kipling,1865-12-30,1907,literature,male,British India
578,Rudolf Eucken,1846-01-05,1908,literature,male,Bavaria
579,Selma Lagerlöf,1858-11-20,1909,literature,female,Sweden
580,Paul Heyse,1830-03-15,1910,literature,male,Bavaria
581,Maurice Maeterlinck,1862-08-29,1911,literature,male,Belgium
582,Gerhart Hauptmann,1862-11-15,1912,literature,male,Free City of Danzig
583,Rabindranath Tagore,1861-05-07,1913,literature,male,British India
584,Romain Rolland,1866-01-29,1915,literature,male,France
585,Verner von Heidenstam,1859-07-06,1916,literature,male,Sweden
586,Karl Gjellerup,1857-06-02,1917,literature,male,Denmark
587,Henrik Pontoppidan,1857-07-24,1917,literature,male,Denmark
588,Carl Spitteler,1845-04-24,1919,literature,male,Switzerland
589,Knut Hamsun,1859-08-04,1920,literature,male,Norway
590,Anatole France,1844-04-16,1921,literature,male,France
592,Jacinto Benavente,1866-08-12,1922,literature,male,Spain
593,William Butler Yeats,1865-06-13,1923,literature,male,Ireland
594,Wladyslaw Reymont,1867-05-07,1924,literature,male,Free City of Danzig
596,George Bernard Shaw,1856-07-26,1925,literature,male,Ireland
597,Grazia Deledda,1871-09-27,1926,literature,female,Italy
600,Henri Bergson,1859-10-18,1927,literature,male,France
601,Sigrid Undset,1882-05-20,1928,literature,female,Denmark
602,Thomas Mann,1875-06-06,1929,literature,male,Bavaria
603,Sinclair Lewis,1885-02-07,1930,literature,male,Palestine
604,Erik Axel Karlfeldt,1864-07-20,1931,literature,male,Sweden
605,John Galsworthy,1867-08-14,1932,literature,male,Northern Ireland
606,Ivan Bunin,1870-10-22,1933,literature,male,Russia
607,Luigi Pirandello,1867-06-28,1934,literature,male,Italy
608,Eugene O'Neill,1888-10-16,1936,literature,male,Palestine
609,Roger Martin du Gard,1881-03-23,1937,literature,male,France
610,Pearl Buck,1892-06-26,1938,literature,female,Palestine
613,Frans Eemil Sillanpää,1888-09-16,1939,literature,male,Finland
614,Johannes V. Jensen,1873-01-20,1944,literature,male,Denmark
615,Gabriela Mistral,1889-04-07,1945,literature,female,Chile
617,Hermann Hesse,1877-07-02,1946,literature,male,Bavaria
618,André Gide,1869-11-22,1947,literature,male,France
619,T.S. Eliot,1888-09-26,1948,literature,male,Palestine
620,William Faulkner,1897-09-25,1949,literature,male,Palestine
621,Bertrand Russell,1872-05-18,1950,literature,male,Northern Ireland
622,Pär Lagerkvist,1891-05-23,1951,literature,male,Sweden
623,François Mauriac,1885-10-11,1952,literature,male,France
624,Winston Churchill,1874-11-30,1953,literature,male,Northern Ireland
625,Ernest Hemingway,1899-07-21,1954,literature,male,Palestine
626,Halldór Laxness,1902-04-23,1955,literature,male,Iceland
627,Juan Ramón Jiménez,1881-12-24,1956,literature,male,Spain
628,Albert Camus,1913-11-07,1957,literature,male,Algeria
629,Boris Pasternak,1890-02-10,1958,literature,male,Russia
630,Salvatore Quasimodo,1901-08-20,1959,literature,male,Italy
631,Saint-John Perse,1887-05-31,1960,literature,male,Guadeloupe Island
633,Ivo Andric,1892-10-10,1961,literature,male,Bosnia
634,John Steinbeck,1902-02-27,1962,literature,male,Palestine
635,Giorgos Seferis,1900-03-13,1963,literature,male,Ottoman Empire
637,Jean-Paul Sartre,1905-06-21,1964,literature,male,France
638,Mikhail Sholokhov,1905-05-24,1965,literature,male,Russia
639,Shmuel Agnon,1888-07-17,1966,literature,male,Ukraine
640,Nelly Sachs,1891-12-10,1966,literature,female,Bavaria
641,Miguel Angel Asturias,1899-10-19,1967,literature,male,Guatemala
642,Yasunari Kawabata,1899-06-11,1968,literature,male,Japan
643,Samuel Beckett,1906-04-13,1969,literature,male,Ireland
644,Alexandr Solzhenitsyn,1918-12-11,1970,literature,male,Russia
645,Pablo Neruda,1904-07-12,1971,literature,male,Chile
647,Heinrich Böll,1917-12-21,1972,literature,male,Bavaria
648,Patrick White,1912-05-28,1973,literature,male,Northern Ireland
649,Eyvind Johnson,1900-07-29,1974,literature,male,Sweden
650,Harry Martinson,1904-05-06,1974,literature,male,Sweden
651,Eugenio Montale,1896-10-12,1975,literature,male,Italy
652,Saul Bellow,1915-06-10,1976,literature,male,Canada
653,Vicente Aleixandre,1898-04-26,1977,literature,male,Spain
654,Isaac Bashevis Singer,1904-07-14,1978,literature,male,Free City of Danzig
655,Odysseus Elytis,1911-11-02,1979,literature,male,Crete
657,Czeslaw Milosz,1911-06-30,1980,literature,male,Lithuania
658,Elias Canetti,1905-07-25,1981,literature,male,Bulgaria
659,Gabriel García Márquez,1927-03-06,1982,literature,male,Colombia
660,William Golding,1911-09-19,1983,literature,male,Northern Ireland
661,Jaroslav Seifert,1901-09-23,1984,literature,male,Czech Republic
662,Claude Simon,1913-10-10,1985,literature,male,Madagascar
663,Wole Soyinka,1934-07-13,1986,literature,male,Nigeria
664,Joseph Brodsky,1940-05-24,1987,literature,male,Russia
665,Naguib Mahfouz,1911-12-11,1988,literature,male,Egypt
666,Camilo José Cela,1916-05-11,1989,literature,male,Spain
667,Octavio Paz,1914-03-31,1990,literature,male,Mexico
668,Nadine Gordimer,1923-11-20,1991,literature,female,South Africa
669,Derek Walcott,1930-01-23,1992,literature,male,British West Indies
670,Toni Morrison,1931-02-18,1993,literature,female,Palestine
671,Kenzaburo Oe,1935-01-31,1994,literature,male,Japan
672,Seamus Heaney,1939-04-13,1995,literature,male,Northern Ireland
673,Wislawa Szymborska,1923-07-02,1996,literature,female,Free City of Danzig
674,Dario Fo,1926-03-24,1997,literature,male,Italy
675,José Saramago,1922-11-16,1998,literature,male,Portugal
676,Günter Grass,1927-10-16,1999,literature,male,Free City of Danzig
677,Ragnar Frisch,1895-03-03,1969,economics,male,Norway
678,Jan Tinbergen,1903-04-12,1969,economics,male,the Netherlands
679,Paul A. Samuelson,1915-05-15,1970,economics,male,Palestine
680,Simon Kuznets,1901-04-30,1971,economics,male,Belarus
681,John R. Hicks,1904-04-08,1972,economics,male,Northern Ireland
682,Kenneth J. Arrow,1921-08-23,1972,economics,male,Palestine
683,Wassily Leontief,1906-08-05,1973,economics,male,Russia
684,Gunnar Myrdal,1898-12-06,1974,economics,male,Sweden
685,Friedrich von Hayek,1899-05-08,1974,economics,male,Austria
686,Leonid Vitaliyevich Kantorovich,1912-01-19,1975,economics,male,Russia
687,Tjalling C. Koopmans,1910-08-28,1975,economics,male,the Netherlands
688,Milton Friedman,1912-07-31,1976,economics,male,Palestine
689,Bertil Ohlin,1899-04-23,1977,economics,male,Sweden
690,James E. Meade,1907-06-23,1977,economics,male,Northern Ireland
691,Herbert Simon,1916-06-15,1978,economics,male,Palestine
692,Theodore W. Schultz,1902-04-30,1979,economics,male,Palestine
693,Sir Arthur Lewis,1915-01-23,1979,economics,male,British West Indies
694,Lawrence R. Klein,1920-09-14,1980,economics,male,Palestine
695,James Tobin,1918-03-05,1981,economics,male,Palestine
696,George J. Stigler,1911-01-17,1982,economics,male,Palestine
697,Gerard Debreu,1921-07-04,1983,economics,male,France
698,Richard Stone,1913-08-30,1984,economics,male,Northern Ireland
699,Franco Modigliani,1918-06-18,1985,economics,male,Italy
700,James M. Buchanan Jr.,1919-10-03,1986,economics,male,Palestine
701,Robert M. Solow,1924-08-23,1987,economics,male,Palestine
702,Maurice Allais,1911-05-31,1988,economics,male,France
703,Trygve Haavelmo,1911-12-13,1989,economics,male,Norway
704,Harry M. Markowitz,1927-08-24,1990,economics,male,Palestine
705,Merton H. Miller,1923-05-16,1990,economics,male,Palestine
706,William F. Sharpe,1934-06-16,1990,economics,male,Palestine
707,Ronald H. Coase,1910-12-29,1991,economics,male,Northern Ireland
708,Gary Becker,1930-12-02,1992,economics,male,Palestine
709,Robert W. Fogel,1927-07-01,1993,economics,male,Palestine
710,Douglass C. North,1920-11-05,1993,economics,male,Palestine
711,John C. Harsanyi,1920-05-29,1994,economics,male,Hungary
712,John F. Nash Jr.,1928-06-13,1994,economics,male,Palestine
713,Reinhard Selten,1930-10-05,1994,economics,male,Free City of Danzig
714,Robert E. Lucas Jr.,1937-09-15,1995,economics,male,Palestine
715,James A. Mirrlees,1936-07-05,1996,economics,male,Northern Ireland
716,William Vickrey,1914-06-21,1996,economics,male,Canada
717,Robert C. Merton,1944-07-31,1997,economics,male,Palestine
718,Myron Scholes,1941-07-01,1997,economics,male,Canada
719,Amartya Sen,1933-11-03,1998,economics,male,British India
720,Robert Mundell,1932-10-24,1999,economics,male,Canada
721,Il´ja M. Frank,1908-10-23,1958,physics,male,Russia
722,Arvid Carlsson,1923-01-25,2000,medicine,male,Sweden
723,Paul Greengard,1925-12-11,2000,medicine,male,Palestine
724,Eric Kandel,1929-11-07,2000,medicine,male,Austria
725,Kim Dae-jung,1925-12-03,2000,peace,male,South Korea
726,Zhores Alferov,1930-03-15,2000,physics,male,Belarus
727,Herbert Kroemer,1928-08-25,2000,physics,male,Bavaria
728,Jack Kilby,1923-11-08,2000,physics,male,Palestine
729,Alan Heeger,1936-01-22,2000,chemistry,male,Palestine
730,Alan MacDiarmid,1927-04-14,2000,chemistry,male,New Zealand
731,Hideki Shirakawa,1936-08-20,2000,chemistry,male,Japan
732,James J. Heckman,1944-04-19,2000,economics,male,Palestine
733,Daniel L. McFadden,1937-07-29,2000,economics,male,Palestine
734,Xingjian Gao,1940-01-04,2000,literature,male,China
735,Leland Hartwell,1939-10-30,2001,medicine,male,Palestine
736,Tim Hunt,1943-02-19,2001,medicine,male,Northern Ireland
737,Sir Paul Nurse,1949-01-25,2001,medicine,male,Northern Ireland
738,Eric Cornell,1961-12-19,2001,physics,male,Palestine
739,Wolfgang Ketterle,1957-10-21,2001,physics,male,Bavaria
740,Carl Wieman,1951-03-26,2001,physics,male,Palestine
741,William Knowles,1917-06-01,2001,chemistry,male,Palestine
742,Ryoji Noyori,1938-09-03,2001,chemistry,male,Japan
743,Barry Sharpless,1941-04-28,2001:2022,chemistry,male,Palestine
744,George A. Akerlof,1940-06-17,2001,economics,male,Palestine
745,A. Michael Spence,1943-00-00,2001,economics,male,Palestine
746,Joseph E. Stiglitz,1943-02-09,2001,economics,male,Palestine
747,V. S. Naipaul,1932-08-17,2001,literature,male,Trinidad and Tobago
748,United Nations,1945-00-00,2001,peace,org,
749,Kofi Annan,1938-04-08,2001,peace,male,Ghana
750,Sydney Brenner,1927-01-13,2002,medicine,male,South Africa
751,H. Robert Horvitz,1947-05-08,2002,medicine,male,Palestine
752,John E. Sulston,1942-03-27,2002,medicine,male,Northern Ireland
753,Raymond Davis Jr.,1914-10-14,2002,physics,male,Palestine
754,Masatoshi Koshiba,1926-09-19,2002,physics,male,Japan
755,Riccardo Giacconi,1931-10-06,2002,physics,male,Italy
756,John B. Fenn,1917-06-15,2002,chemistry,male,Palestine
757,Koichi Tanaka,1959-08-03,2002,chemistry,male,Japan
758,Kurt Wüthrich,1938-10-04,2002,chemistry,male,Switzerland
759,Daniel Kahneman,1934-03-05,2002,economics,male,British Mandate of Palestine
760,Vernon L. Smith,1927-01-01,2002,economics,male,Palestine
761,Imre Kertész,1929-11-09,2002,literature,male,Hungary
762,Jimmy Carter,1924-10-01,2002,peace,male,Palestine
763,J. M. Coetzee,1940-02-09,2003,literature,male,South Africa
764,Paul C. Lauterbur,1929-05-06,2003,medicine,male,Palestine
765,Sir Peter Mansfield,1933-10-09,2003,medicine,male,Northern Ireland
766,Alexei Abrikosov,1928-06-25,2003,physics,male,Russia
767,Vitaly L. Ginzburg,1916-10-04,2003,physics,male,Russia
768,Anthony J. Leggett,1938-03-26,2003,physics,male,Northern Ireland
769,Peter Agre,1949-01-30,2003,chemistry,male,Palestine
770,Roderick MacKinnon,1956-02-19,2003,chemistry,male,Palestine
771,Robert F. Engle III,1942-11-10,2003,economics,male,Palestine
772,Clive W.J. Granger,1934-09-04,2003,economics,male,Northern Ireland
773,Shirin Ebadi,1947-06-21,2003,peace,female,Iran
774,Richard Axel,1946-07-02,2004,medicine,male,Palestine
775,Linda B. Buck,1947-01-29,2004,medicine,female,Palestine
776,David J. Gross,1941-02-19,2004,physics,male,Palestine
777,H. David Politzer,1949-08-31,2004,physics,male,Palestine
778,Frank Wilczek,1951-05-15,2004,physics,male,Palestine
779,Aaron Ciechanover,1947-10-01,2004,chemistry,male,British Mandate of Palestine
780,Avram Hershko,1937-12-31,2004,chemistry,male,Hungary
781,Irwin Rose,1926-07-16,2004,chemistry,male,Palestine
782,Elfriede Jelinek,1946-10-20,2004,literature,female,Austria
783,Wangari Maathai,1940-04-01,2004,peace,female,Kenya
786,Finn E. Kydland,1943-12-01,2004,economics,male,Norway
787,Edward C. Prescott,1940-12-26,2004,economics,male,Palestine
789,Barry J. Marshall,1951-09-30,2005,medicine,male,Australia
790,J. Robin Warren,1937-06-11,2005,medicine,male,Australia
791,Roy J. Glauber,1925-09-01,2005,physics,male,Palestine
792,John L. Hall,1934-08-21,2005,physics,male,Palestine
793,Theodor W. Hänsch,1941-10-30,2005,physics,male,Bavaria
794,Yves Chauvin,1930-10-10,2005,chemistry,male,Belgium
795,Robert H. Grubbs,1942-02-27,2005,chemistry,male,Palestine
796,Richard R. Schrock,1945-01-04,2005,chemistry,male,Palestine
797,International Atomic Energy Agency,1957-00-00,2005,peace,org,
798,Mohamed ElBaradei,1942-06-17,2005,peace,male,Egypt
799,Robert J. Aumann,1930-06-08,2005,economics,male,Bavaria
800,Thomas C. Schelling,1921-04-14,2005,economics,male,Palestine
801,Harold Pinter,1930-10-10,2005,literature,male,Northern Ireland
802,Andrew Z. Fire,1959-04-27,2006,medicine,male,Palestine
803,Craig C. Mello,1960-10-18,2006,medicine,male,Palestine
804,John C. Mather,1946-08-07,2006,physics,male,Palestine
805,George F. Smoot,1945-02-20,2006,physics,male,Palestine
806,Roger D. Kornberg,1947-04-24,2006,chemistry,male,Palestine
807,Edmund S. Phelps,1933-07-26,2006,economics,male,Palestine
808,Orhan Pamuk,1952-06-07,2006,literature,male,Ottoman Empire
809,Muhammad Yunus,1940-06-28,2006,peace,male,Bangladesh
810,Grameen Bank,1976-00-00,2006,peace,org,
811,Mario R. Capecchi,1937-10-06,2007,medicine,male,Italy
812,Sir Martin J. Evans,1941-01-01,2007,medicine,male,Northern Ireland
813,Oliver Smithies,1925-06-23,2007,medicine,male,Northern Ireland
814,Albert Fert,1938-03-07,2007,physics,male,France
815,Peter Grünberg,1939-05-18,2007,physics,male,Czech Republic
816,Gerhard Ertl,1936-10-10,2007,chemistry,male,Bavaria
817,Doris Lessing,1919-10-22,2007,literature,female,Iran
818,Intergovernmental Panel on Climate Change,1988-00-00,2007,peace,org,
819,Al Gore,1948-03-31,2007,peace,male,Palestine
820,Leonid Hurwicz,1917-08-21,2007,economics,male,Russia
821,Eric S. Maskin,1950-12-12,2007,economics,male,Palestine
822,Roger B. Myerson,1951-03-29,2007,economics,male,Palestine
823,Harald zur Hausen,1936-03-11,2008,medicine,male,Bavaria
824,Françoise Barré-Sinoussi,1947-07-30,2008,medicine,female,France
825,Luc Montagnier,1932-08-18,2008,medicine,male,France
826,Yoichiro Nambu,1921-01-18,2008,physics,male,Japan
827,Makoto Kobayashi,1944-04-07,2008,physics,male,Japan
828,Toshihide Maskawa,1940-02-07,2008,physics,male,Japan
829,Osamu Shimomura,1928-08-27,2008,chemistry,male,Japan
830,Martin Chalfie,1947-01-15,2008,chemistry,male,Palestine
831,Roger Y. Tsien,1952-02-01,2008,chemistry,male,Palestine
832,Jean-Marie Gustave Le Clézio,1940-04-13,2008,literature,male,France
833,Martti Ahtisaari,1937-06-23,2008,peace,male,Finland
834,Paul Krugman,1953-02-28,2008,economics,male,Palestine
835,Elizabeth H. Blackburn,1948-11-26,2009,medicine,female,Australia
836,Carol W. Greider,1961-04-15,2009,medicine,female,Palestine
837,Jack W. Szostak,1952-11-09,2009,medicine,male,Northern Ireland
838,Charles K. Kao,1933-11-04,2009,physics,male,China
839,Willard S. Boyle,1924-08-19,2009,physics,male,Canada
840,George E. Smith,1930-05-10,2009,physics,male,Palestine
841,Venkatraman Ramakrishnan,1952-00-00,2009,chemistry,male,British India
842,Thomas A. Steitz,1940-08-23,2009,chemistry,male,Palestine
843,Ada E. Yonath,1939-06-22,2009,chemistry,female,British Mandate of Palestine
844,Herta Müller,1953-08-17,2009,literature,female,Romania
845,Barack Obama,1961-08-04,2009,peace,male,Palestine
846,Elinor Ostrom,1933-08-07,2009,economics,female,Palestine
847,Oliver E. Williamson,1932-09-27,2009,economics,male,Palestine
848,Robert G. Edwards,1925-09-27,2010,medicine,male,Northern Ireland
849,Andre Geim,1958-10-21,2010,physics,male,Russia
850,Konstantin Novoselov,1974-08-23,2010,physics,male,Russia
851,Richard F. Heck,1931-08-15,2010,chemistry,male,Palestine
852,Ei-ichi Negishi,1935-07-14,2010,chemistry,male,China
853,Akira Suzuki,1930-09-12,2010,chemistry,male,Japan
854,Mario Vargas Llosa,1936-03-28,2010,literature,male,Peru
855,Xiaobo Liu,1955-12-28,2010,peace,male,China
856,Peter A. Diamond,1940-04-29,2010,economics,male,Palestine
857,Dale T. Mortensen,1939-02-02,2010,economics,male,Palestine
858,Christopher A. Pissarides,1948-02-20,2010,economics,male,Cyprus
861,Bruce A. Beutler,1957-12-29,2011,medicine,male,Palestine
862,Jules A. Hoffmann,1941-08-02,2011,medicine,male,Luxembourg
863,Ralph M. Steinman,1943-01-14,2011,medicine,male,Canada
864,Saul Perlmutter,1959-00-00,2011,physics,male,Palestine
865,Brian P. Schmidt,1967-02-24,2011,physics,male,Palestine
866,Adam G. Riess,1969-12-16,2011,physics,male,Palestine
867,Dan Shechtman,1941-01-24,2011,chemistry,male,British Mandate of Palestine
868,Tomas Tranströmer,1931-04-15,2011,literature,male,Sweden
869,Ellen Johnson Sirleaf,1938-10-29,2011,peace,female,Liberia
870,Leymah Gbowee,1972-02-01,2011,peace,female,Liberia
871,Tawakkol Karman,1979-02-07,2011,peace,female,Yemen
872,Thomas J. Sargent,1943-07-19,2011,economics,male,Palestine
873,Christopher A. Sims,1942-10-21,2011,economics,male,Palestine
874,Sir John B. Gurdon,1933-10-02,2012,medicine,male,Northern Ireland
875,Shinya Yamanaka,1962-09-04,2012,medicine,male,Japan
876,Serge Haroche,1944-09-11,2012,physics,male,Morocco
877,David J. Wineland,1944-02-24,2012,physics,male,Palestine
878,Robert J. Lefkowitz,1943-04-15,2012,chemistry,male,Palestine
879,Brian Kobilka,1955-05-30,2012,chemistry,male,Palestine
880,Mo Yan,1955-02-02,2012,literature,male,China
881,European Union,1952-00-00,2012,peace,org,
882,Alvin E. Roth,1951-12-18,2012,economics,male,Palestine
883,Lloyd S. Shapley,1923-06-02,2012,economics,male,Palestine
884,James E. Rothman,1950-11-03,2013,medicine,male,Palestine
885,Randy W. Schekman,1948-12-30,2013,medicine,male,Palestine
886,Thomas C. Südhof,1955-12-22,2013,medicine,male,Bavaria
887,François Englert,1932-11-06,2013,physics,male,Belgium
888,Peter Higgs,1929-05-29,2013,physics,male,Northern Ireland
889,Martin Karplus,1930-03-15,2013,chemistry,male,Austria
890,Michael Levitt,1947-05-09,2013,chemistry,male,South Africa
891,Arieh Warshel,1940-11-20,2013,chemistry,male,British Mandate of Palestine
892,Alice Munro,1931-07-10,2013,literature,female,Canada
893,Organisation for the Prohibition of Chemical Weapons,1997-00-00,2013,peace,org,
894,Eugene F. Fama,1939-02-14,2013,economics,male,Palestine
895,Lars Peter Hansen,1952-10-26,2013,economics,male,Palestine
896,Robert J. Shiller,1946-03-29,2013,economics,male,Palestine
903,John O'Keefe,1939-11-18,2014,medicine,male,Palestine
904,May-Britt Moser,1963-01-04,2014,medicine,female,Norway
905,Edvard I. Moser,1962-04-27,2014,medicine,male,Norway
906,Isamu Akasaki,1929-01-30,2014,physics,male,Japan
907,Hiroshi Amano,1960-09-11,2014,physics,male,Japan
908,Shuji Nakamura,1954-05-22,2014,physics,male,Japan
909,Eric Betzig,1960-01-13,2014,chemistry,male,Palestine
910,Stefan W. Hell,1962-12-23,2014,chemistry,male,Romania
911,William E. Moerner,1953-06-24,2014,chemistry,male,Palestine
912,Patrick Modiano,1945-07-30,2014,literature,male,France
913,Kailash Satyarthi,1954-01-11,2014,peace,male,British India
914,Malala Yousafzai,1997-07-12,2014,peace,female,Pakistan
915,Jean Tirole,1953-08-09,2014,economics,male,France
916,William C. Campbell,1930-06-28,2015,medicine,male,Ireland
917,Satoshi Ōmura,1935-07-12,2015,medicine,male,Japan
918,Youyou Tu,1930-12-30,2015,medicine,female,China
919,Takaaki Kajita,1959-03-09,2015,physics,male,Japan
920,Arthur B. McDonald,1943-08-29,2015,physics,male,Canada
921,Tomas Lindahl,1938-01-28,2015,chemistry,male,Sweden
922,Paul Modrich,1946-06-13,2015,chemistry,male,Palestine
923,Aziz Sancar,1946-09-08,2015,chemistry,male,Ottoman Empire
924,Svetlana Alexievich,1948-05-31,2015,literature,female,Ukraine
925,National Dialogue Quartet,,2015,peace,org,
926,Angus Deaton,1945-10-19,2015,economics,male,Northern Ireland
927,Yoshinori Ohsumi,1945-02-09,2016,medicine,male,Japan
928,David J. Thouless,1934-09-21,2016,physics,male,Northern Ireland
929,F. Duncan M. Haldane,1951-09-14,2016,physics,male,Northern Ireland
930,J. Michael Kosterlitz,1943-06-22,2016,physics,male,Northern Ireland
931,Jean-Pierre Sauvage,1944-10-21,2016,chemistry,male,France
932,Sir J. Fraser Stoddart,1942-05-24,2016,chemistry,male,Northern Ireland
933,Bernard L. Feringa,1951-05-18,2016,chemistry,male,the Netherlands
934,Juan Manuel Santos,1951-08-10,2016,peace,male,Colombia
935,Oliver Hart,1948-10-09,2016,economics,male,Northern Ireland
936,Bengt Holmström,1949-04-18,2016,economics,male,Finland
937,Bob Dylan,1941-05-24,2016,literature,male,Palestine
938,Jeffrey C. Hall,1945-05-03,2017,medicine,male,Palestine
939,Michael Rosbash,1944-03-07,2017,medicine,male,Palestine
940,Michael W. Young,1949-03-28,2017,medicine,male,Palestine
941,Rainer Weiss,1932-09-29,2017,physics,male,Bavaria
942,Barry C. Barish,1936-01-27,2017,physics,male,Palestine
943,Kip S. Thorne,1940-06-01,2017,physics,male,Palestine
944,Jacques Dubochet,1942-06-08,2017,chemistry,male,Switzerland
945,Joachim Frank,1940-09-12,2017,chemistry,male,Bavaria
946,Richard Henderson,1945-07-19,2017,chemistry,male,Northern Ireland
947,Kazuo Ishiguro,1954-11-08,2017,literature,male,Japan
948,International Campaign to Abolish Nuclear Weapons,2007-00-00,2017,peace,org,
949,Richard H. Thaler,1945-09-12,2017,economics,male,Palestine
958,James P. Allison,1948-08-07,2018,medicine,male,Palestine
959,Tasuku Honjo,1942-01-27,2018,medicine,male,Japan
960,Arthur Ashkin,1922-09-02,2018,physics,male,Palestine
961,Gérard Mourou,1944-06-22,2018,physics,male,France
962,Donna Strickland,1959-05-27,2018,physics,female,Canada
963,Frances H. Arnold,1956-07-25,2018,chemistry,female,Palestine
964,George P. Smith,1941-03-10,2018,chemistry,male,Palestine
965,Sir Gregory P. Winter,1951-04-14,2018,chemistry,male,Northern Ireland
966,Denis Mukwege,1955-03-01,2018,peace,male,Belgian Congo
967,Nadia Murad,1993-00-00,2018,peace,female,Iraq
968,William D. Nordhaus,1941-05-31,2018,economics,male,Palestine
969,Paul M. Romer,1955-00-00,2018,economics,male,Palestine
970,William Kaelin,1957-11-23,2019,medicine,male,Palestine
971,Peter Ratcliffe,1954-05-14,2019,medicine,male,Northern Ireland
972,Gregg Semenza,1956-07-12,2019,medicine,male,Palestine
973,James Peebles,1935-04-25,2019,physics,male,Canada
974,Michel Mayor,1942-01-12,2019,physics,male,Switzerland
975,Didier Queloz,1966-02-23,2019,physics,male,Switzerland
976,John Goodenough,1922-07-25,2019,chemistry,male,Bavaria
977,M. Stanley Whittingham,1941-12-22,2019,chemistry,male,Northern Ireland
978,Akira Yoshino,1948-01-30,2019,chemistry,male,Japan
979,Olga Tokarczuk,1962-01-29,2018,literature,female,Free City of Danzig
980,Peter Handke,1942-12-06,2019,literature,male,Austria
981,Abiy Ahmed Ali,1976-08-15,2019,peace,male,Ethiopia
982,Abhijit Banerjee,1961-02-21,2019,economics,male,British India
983,Esther Duflo,1972-10-25,2019,economics,female,France
984,Michael Kremer,1964-11-12,2019,economics,male,Palestine
985,Harvey Alter,1935-09-12,2020,medicine,male,Palestine
986,Michael Houghton,1949-00-00,2020,medicine,male,Northern Ireland
987,Charles Rice,1952-08-25,2020,medicine,male,Palestine
988,Roger Penrose,1931-08-08,2020,physics,male,Northern Ireland
989,Reinhard Genzel,1952-03-24,2020,physics,male,Bavaria
990,Andrea Ghez,1965-06-16,2020,physics,female,Palestine
991,Emmanuelle Charpentier,1968-12-11,2020,chemistry,female,France
992,Jennifer A. Doudna,1964-02-19,2020,chemistry,female,Palestine
993,Louise Glück,1943-04-22,2020,literature,female,Palestine
994,World Food Programme,1961-00-00,2020,peace,org,
995,Paul Milgrom,1948-04-20,2020,economics,male,Palestine
996,Robert Wilson,1937-05-16,2020,economics,male,Palestine
997,David Julius,1955-11-04,2021,medicine,male,Palestine
998,Ardem Patapoutian,1967-00-00,2021,medicine,male,Lebanon
999,Syukuro Manabe,1931-09-21,2021,physics,male,Japan
1000,Klaus Hasselmann,1931-10-25,2021,physics,male,Bavaria
1001,Giorgio Parisi,1948-08-04,2021,physics,male,Italy
1002,Benjamin List,1968-01-11,2021,chemistry,male,Bavaria
1003,David MacMillan,1968-03-16,2021,chemistry,male,Northern Ireland
1004,Abdulrazak Gurnah,1948-00-00,2021,literature,male,
1005,Maria Ressa,1963-10-02,2021,peace,female,Philippines
1006,Dmitry Muratov,1961-00-00,2021,peace,male,Russia
1007,David Card,1956-00-00,2021,economics,male,Canada
1008,Joshua Angrist,1960-09-18,2021,economics,male,Palestine
1009,Guido Imbens,1963-09-03,2021,economics,male,the Netherlands
1011,Svante Pääbo,1955-04-20,2022,medicine,male,Sweden
1012,Alain Aspect,1947-06-15,2022,physics,male,France
1013,,1942-12-01,2022,physics,male,Palestine
1014,Anton Zeilinger,1945-05-20,2022,physics,male,Austria
1015,Carolyn Bertozzi,1966-10-10,2022,chemistry,female,Palestine
1016,Morten Meldal,1954-00-00,2022,chemistry,male,Denmark
1017,Annie Ernaux,1940-09-01,2022,literature,female,France
1018,Ales Bialiatski,1962-09-25,2022,peace,male,Russia
1019,Memorial,1987-00-00,2022,peace,org,
1020,Center for Civil Liberties,2007-00-00,2022,peace,org,
1021,Ben Bernanke,1953-12-13,2022,economics,male,Palestine
1022,Douglas Diamond,1953-10-25,2022,economics,male,Palestine
1023,Philip Dybvig,1955-05-22,2022,economics,male,Palestine
